feature,language,response_time,compiled,executed,lines_of_code,characters,cache_hit,time_complexity,space_complexity,created_at,bugs_found,security_issues,optimization_suggestions
Code Generation,Java,18.14,False,False,42,1532,False,"O(1) - The operations involve splitting a fixed-length string, parsing a fixed number of integers, and simple arithmetic and string formatting, all of which take constant time regardless of the input value (as long as it conforms to the ""HH:MM"" format).","O(1) - A few string and integer variables are used to store parts of the input, intermediate results, and the final output. Their size is constant and does not depend on the input values.",2026-07-07 14:31:05.459,,,
Code Generation,Python,35.29,True,False,54,2314,False,"O(N) - Where N is the total number of products. Each product processing involves heap operations (push/pop) which take O(log M) time, where M is the maximum heap capacity (which is 5 in this case). Since M is a constant, log M is also a constant. Therefore, processing N products takes O(N * log 5) = O(N) time. The final step of sorting the 5 elements in the heap takes O(M log M) = O(5 log 5) which is a constant time operation.","O(1) - The heap stores at most 5 products. Each product stores its name (string) and price (integer). If we consider the maximum length of a product name to be `L`, the space would be O(M * L). Since `M=5` is a constant, it's effectively O(L) or O(1) if `L` is also considered bounded or not factored into complexity for competitive programming.",2026-07-07 14:37:00.247,,,
Code Generation,Java,6.07,True,True,7,168,False,"O(1) - The loop runs a fixed number of 50 times. Each print operation takes constant time (proportional to the length of the string, which is also constant). Thus, the total time complexity is constant.","O(1) - Only a few variables are needed for the loop counter and the string literal ""hello world"". No additional data structures are used that scale with input size (as there is no input).",2026-07-07 14:39:40.788,,,
Code Generation,C,9.87,False,False,39,1068,False,"O(K * P_K * sqrt(P_K)) where K is the number of primes to find (10 in this case) and P_K is the K-th prime number after 100 (which is 149). In the worst case, we might check roughly `P_K` numbers to find the `K` primes, and each primality test takes `O(sqrt(N))` where `N` is the number being tested. For this specific problem, the numbers are small, so it's very efficient. We check numbers up to 149. The average `sqrt(N)` would be around `sqrt(125)` which is ~11. We check about `149 - 101 = 48` numbers in total. So, roughly `48 * 11` operations, which is very fast.","O(1) because we only use a few constant variables to store the current number, count, and loop indices.",2026-07-07 14:40:41.565,,,
Code Generation,C,6.87,False,False,39,854,False,"O(sqrt(n)) because in the worst case, the loop iterates up to the square root of the input number `n`.","O(1) as only a few variables are used to store the input number and loop counter, regardless of the input size.",2026-07-07 14:41:56.110,,,
Code Generation,JavaScript,10.11,True,True,12,322,False,"O(L), where L is the length of the input string. This is because reading the string takes time proportional to its length, while accessing the `.length` property is an O(1) operation.","O(L), where L is the length of the input string. This is for storing the input string in memory.",2026-07-07 14:43:38.569,,,
Code Generation,Java,6.94,True,True,7,167,False,"O(1) - The loop runs a fixed number of 50 times. Since 50 is a constant, the time complexity does not depend on any input variable and is therefore constant.","O(1) - The program uses a fixed amount of memory for variables (e.g., loop counter) and the string literal, regardless of any input. This is a constant space usage.",2026-07-07 14:45:56.605,,,
Code Generation,C,6.15,True,True,8,122,False,"O(1) - The loop runs a fixed number of 50 iterations, regardless of any input. Each `printf` operation takes constant time for a fixed string. Therefore, the total time is constant.","O(1) - Only a single integer variable (`i`) is used for the loop counter, which occupies a constant amount of memory.",2026-07-07 14:46:34.831,,,
Code Generation,SQL,8.68,True,True,1,34,False,"O(1)
The `GREATEST()` function performs a constant number of comparisons (two comparisons for three numbers), regardless of the magnitude of the numbers.","O(1)
No additional storage is required beyond what is needed to hold the three input numbers during the comparison.",2026-07-07 14:47:12.853,,,
Code Review,Python,5.77,,,1,9,False,,,2026-07-07 14:48:08.990,1.0,0.0,1.0
Code Review,Python,6.6,,,1,21,False,,,2026-07-07 14:52:27.518,1.0,0.0,2.0
Code Review,Python,0.0,,,1,9,False,,,2026-07-07 14:54:02.542,1.0,0.0,1.0
Code Review,Java,12.18,,,21,462,False,,,2026-07-07 14:55:22.997,1.0,0.0,1.0
